{
  "version": "v2",
  "intents": 
  {
    "yes": 
    {
      "includes": [
        "yes",
        "correct",
        "sure",
        "absolutely",
        "yes siree bob",
        "right",
        "yep",
        "you got it",
        "I would",
        "yeah",
        "that's right", 
        "I would"
      ],
      "excludes": [
        "fuck off"
      ]
    },
    "no": {
      "includes": [
        "no",
        "no thank you",
        "nope",
        "im ok",
        "thats ok thank you",
        "thats everything",
        "definitely not",
        "wrong",
        "incorrect",
        "I do not",
        "I don't",
        "I would not",
        "I wouldn't"
      ]
    },

    "bye": {
      "includes": [
        "bye",
        "good bye",
        "thanks bye",
        "nevermind",
        "forget about it",
        "we're done",
        "take it easy",
        "peace out boo",
        "peace"
      ]
    },

    "investment":
    {
      "includes":[
        "investment",
        "investments",
        "invested",
        "invest",
        "invest in something",
        "invest in",
        "to invest",
        "an investment",
        "what investment"
      ]
    },

    "asset":
    {
      "includes":[
        "asset",
        "assets",
        "what is an asset",
        "what are assets",
        "asset dont know",
        "what's an asset",
        "an asset",
        "define asset"
      ]
    }

  }
}
