{
  "default": 
  {
    "voiceInfo": {
      "lang": "en-US",
      "speaker": "default",
      "speed": 1
    },

    "phrases": 
    {
      "greeting": 
      { 
        "first":
      [{ "text": "Hello, my name is Dasha, can I help something make-cents for you today?"}]
      },

      "yes": 
      {
        "first": 
        [{ "text": "Great! What would you like to learn more about?" }]
      },

      "no": 
      {
        "first": 
        [{ "text": "chich behaviour from this guy right here. cya homeslice" }]
      },

      "continue":
      {
          "first":[{"text": "Ok, What else would you like to know about"}]
      },

      "investmentDef":
      {
        "first":[{"text": "investment or investing means that an asset is bought, or that money is put into a bank to get a future interest from it. Would you like to ask another question?"}]
      },
        
      "assetDef":{
        "first":[{"text": "An asset is something that provides a current, future, or potential economic benefit for an individual or other entity. An asset is, therefore, something that is owned by you or something that is owed to you. Would you like to ask another question?"}]
      }
    },

    "types": {},
    "macros": 
    {
      "greeting": {},
      "yes": {},
      "no": {},
      "continue":{},
      "investmentDef":{},
      "goodbye":{},
      "assetDef":{}
    }
  }
}

